"Product ID","Product Title"
"557961e5-f7ff-4af6-95f8-59daa15a1857","Pampas"
"1606aa19-e78b-4037-935e-4f0b3393c3dd","Tonal Horizon"
"8928e571-795b-4520-8532-48de194e79c8","Sun and Moon"
"cf9d72ac-fd9d-4581-9478-7a9f6f50b241","Arch"
"ae37521a-4e57-4341-a95c-a528db62a506","Vessel"
"4abf30da-4074-4891-90a3-71334095ee8d","Rising Sun"
"299d5d07-9e7e-4de6-bbad-64324ba230f8","Single Stem"
"01f7bd23-09b7-47bc-b17d-802c1c0c7bb5","Balance"
"5354ccf5-a368-4c49-b58a-bc03481de0fb","Moon Phases"
"8c864306-6cf6-47fe-ae86-4f763b7039c8","Mountain"
"a6606b66-89dc-46b4-bfa8-e3d1d60f60a4","Ink Horizon"
